{"cameraMode":{"drawMode":0,"name":"Shaded","section":"Shading Mode"},"sceneLighting":true,"audioPlay":false,"sceneViewState":{"showFog":true,"showMaterialUpdate":false,"showSkybox":true,"showFlares":true,"showImageEffects":true,"showParticleSystems":true},"in2DMode":false,"pivot":{"x":21.21541404724121,"y":2.7067694664001467,"z":-0.9313445091247559},"rotation":{"x":-0.0028309521730989219,"y":0.7773144841194153,"z":0.0034979390911757948,"w":0.6290962100028992},"size":40.11400604248047,"orthographic":false}